|Номер заказа|;|Дата заказа|;|Название товара|;|Категория товара|;|Количество продаж|;|Цена за единицу|;|Общая стоимость|
1;2017-6-26;Sour_Cream;dairy_products;299;90;26910
2;2017-5-6;Twix;chocolate;119;85;10115
3;2015-10-15;Harvest;cigarettes;734;260;190840
4;2023-5-23;Bacon;meat;716;190;136040
5;2024-1-26;Coca-Cola;sugary_drinks;152;97;14744
6;2022-6-27;Popcorn;snacks;662;73;48326
7;2021-4-4;Apple_Juice;sugary_drinks;511;120;61320
8;2015-12-17;Chapman_Green;cigarettes;186;230;42780
9;2023-6-2;Chechil;dairy_products;311;150;46650
10;2020-11-13;Milk;dairy_products;490;100;49000
11;2024-3-17;Eggs;meat;749;130;97370
12;2020-12-2;Bacon;meat;967;190;183730
13;2017-5-25;Coca-Cola;sugary_drinks;548;97;53156
14;2021-5-22;Mars;chocolate;679;90;61110
15;2018-10-20;Pepsi;sugary_drinks;834;90;75060
16;2019-12-7;Chapman_Brown;cigarettes;915;230;210450
17;2016-1-22;Mars;chocolate;440;90;39600
18;2019-3-12;Dove_Chocolate;chocolate;257;30;7710
19;2022-12-27;Chapman_Green;cigarettes;295;230;67850
20;2018-8-10;Apple;fruits;644;90;57960
21;2020-6-28;Harvest;cigarettes;728;260;189280
22;2016-7-11;Nachos;snacks;403;150;60450
23;2015-7-15;Dove_Chocolate;chocolate;608;30;18240
24;2015-10-8;Coca-Cola;sugary_drinks;310;97;30070
25;2024-6-18;Snickers;chocolate;69;90;6210
26;2018-10-14;Bacon;meat;30;190;5700
27;2016-9-27;Wine;alcohol;58;1400;81200
28;2019-7-27;Popcorn;snacks;798;73;58254
29;2020-10-23;Beer;alcohol;223;90;20070
30;2020-1-10;Beer;alcohol;329;90;29610
31;2017-1-13;Dove_Chocolate;chocolate;644;30;19320
32;2017-8-9;Chapman_Rose;cigarettes;164;230;37720
33;2017-1-17;Chapman_Green;cigarettes;169;230;38870
34;2022-7-8;Milk;dairy_products;325;100;32500
35;2017-9-19;Sour_Cream;dairy_products;154;90;13860
36;2022-8-13;Lays;snacks;765;97;74205
37;2019-2-7;Twix;chocolate;467;85;39695
38;2016-2-26;Chechil;dairy_products;69;150;10350
39;2020-4-23;Pepsi;sugary_drinks;70;90;6300
40;2021-1-17;Eggs;meat;779;130;101270
41;2015-7-20;Snickers;chocolate;145;90;13050
42;2018-10-4;Sour_Cream;dairy_products;925;90;83250
43;2019-11-26;Snickers;chocolate;221;90;19890
44;2019-9-12;Pizza;ready_made_food;610;270;164700
45;2022-6-10;Apple;fruits;234;90;21060
46;2019-4-6;Harvest;cigarettes;472;260;122720
47;2022-7-5;Bacon;meat;361;190;68590
48;2023-4-24;Parlament;cigarettes;284;180;51120
49;2017-7-28;Pizza;ready_made_food;763;270;206010
50;2023-5-11;Parlament;cigarettes;262;180;47160
51;2020-2-25;Lays;snacks;250;97;24250
52;2019-7-15;Chapman_Rose;cigarettes;514;230;118220
53;2023-9-18;Beer;alcohol;475;90;42750
54;2021-12-23;Beer;alcohol;777;90;69930
55;2017-12-3;Coca-Cola;sugary_drinks;812;97;78764
56;2016-1-28;Snickers;chocolate;748;90;67320
57;2021-7-5;Wine;alcohol;416;1400;582400
58;2017-9-10;Apple;fruits;812;90;73080
59;2015-7-22;Chapman_Green;cigarettes;847;230;194810
60;2022-2-4;Sour_Cream;dairy_products;49;90;4410
61;2022-12-16;Pizza;ready_made_food;959;270;258930
62;2023-12-8;Dove_Chocolate;chocolate;266;30;7980
63;2017-8-26;Snickers;chocolate;275;90;24750
64;2023-11-16;Apple;fruits;189;90;17010
65;2017-6-4;Chapman_Rose;cigarettes;865;230;198950
66;2022-1-25;Sour_Cream;dairy_products;55;90;4950
67;2015-11-7;Milk;dairy_products;778;100;77800
68;2017-3-3;Picnic;chocolate;836;79;66044
69;2023-10-8;Chechil;dairy_products;61;150;9150
70;2017-2-1;Bacon;meat;734;190;139460
71;2023-3-19;Lays;snacks;618;97;59946
72;2016-6-5;Bacon;meat;699;190;132810
73;2023-3-7;Lays;snacks;235;97;22795
74;2024-7-16;Pizza;ready_made_food;210;270;56700
75;2018-12-16;Parlament;cigarettes;476;180;85680
76;2019-2-17;Dove_Chocolate;chocolate;228;30;6840
77;2023-3-23;Nachos;snacks;443;150;66450
78;2023-2-18;Nachos;snacks;830;150;124500
79;2020-9-11;Wine;alcohol;221;1400;309400
80;2020-1-23;Lays;snacks;304;97;29488
81;2023-8-9;Beer;alcohol;557;90;50130
82;2015-10-25;Pizza;ready_made_food;512;270;138240
83;2019-1-22;Snickers;chocolate;523;90;47070
84;2016-3-10;Pizza;ready_made_food;770;270;207900
85;2020-1-19;Beer;alcohol;535;90;48150
86;2018-4-8;Banana;fruits;949;130;123370
87;2015-7-4;Chapman_Brown;cigarettes;180;230;41400
88;2017-7-8;Chapman_Rose;cigarettes;954;230;219420
89;2021-10-3;Chicken_Fillet;meat;599;230;137770
90;2022-8-26;Coca-Cola;sugary_drinks;754;97;73138
91;2020-2-20;Nachos;snacks;797;150;119550
92;2015-6-19;Popcorn;snacks;609;73;44457
93;2017-12-21;Apple_Juice;sugary_drinks;389;120;46680
94;2017-5-3;Milk;dairy_products;166;100;16600
95;2022-6-26;Milk;dairy_products;314;100;31400
96;2017-5-17;Wiskey;alcohol;334;2300;768200
97;2015-7-27;Wiskey;alcohol;293;2300;673900
98;2019-5-23;Harvest;cigarettes;367;260;95420
99;2023-9-22;Picnic;chocolate;886;79;69994
100;2016-12-6;Parlament;cigarettes;499;180;89820
101;2020-7-5;Coca-Cola;sugary_drinks;830;97;80510
102;2020-8-15;Chapman_Brown;cigarettes;187;230;43010
103;2018-7-15;Popcorn;snacks;398;73;29054
104;2023-7-7;Chapman_Rose;cigarettes;750;230;172500
105;2015-6-28;Wiskey;alcohol;533;2300;1225900
106;2020-5-9;Coca-Cola;sugary_drinks;847;97;82159
107;2022-9-27;Pepsi;sugary_drinks;135;90;12150
108;2015-6-7;Banana;fruits;715;130;92950
109;2016-7-5;Pepsi;sugary_drinks;692;90;62280
110;2017-2-28;Pizza;ready_made_food;951;270;256770
111;2016-9-26;Dove_Chocolate;chocolate;187;30;5610
112;2021-4-26;Banana;fruits;912;130;118560
113;2019-12-5;Lays;snacks;485;97;47045
114;2020-3-27;Nachos;snacks;818;150;122700
115;2022-5-19;Wiskey;alcohol;111;2300;255300
116;2024-3-11;Dove_Chocolate;chocolate;386;30;11580
117;2022-3-18;Sour_Cream;dairy_products;86;90;7740
118;2016-1-23;Chechil;dairy_products;628;150;94200
119;2018-1-12;Wiskey;alcohol;280;2300;644000
120;2019-5-27;Dove_Chocolate;chocolate;626;30;18780
121;2015-6-24;Wine;alcohol;643;1400;900200
122;2023-8-20;Apple;fruits;109;90;9810
123;2023-12-14;Wiskey;alcohol;495;2300;1138500
124;2021-8-6;Pepsi;sugary_drinks;747;90;67230
125;2020-5-25;Apple;fruits;419;90;37710
126;2024-12-16;Pepsi;sugary_drinks;751;90;67590
127;2017-10-14;Sour_Cream;dairy_products;123;90;11070
128;2021-12-14;Harvest;cigarettes;104;260;27040
129;2018-12-25;Chicken_Fillet;meat;368;230;84640
130;2016-5-23;Chapman_Rose;cigarettes;409;230;94070
131;2024-1-19;Banana;fruits;965;130;125450
132;2024-12-19;Mars;chocolate;462;90;41580
133;2018-11-20;Banana;fruits;286;130;37180
134;2020-5-5;Wiskey;alcohol;886;2300;2037800
135;2017-7-2;Chapman_Rose;cigarettes;949;230;218270
136;2022-5-3;Popcorn;snacks;687;73;50151
137;2021-11-15;Parlament;cigarettes;738;180;132840
138;2020-12-8;Eggs;meat;305;130;39650
139;2015-6-3;Chapman_Brown;cigarettes;134;230;30820
140;2023-8-28;Dove_Chocolate;chocolate;227;30;6810
141;2017-1-9;Wine;alcohol;54;1400;75600
142;2021-1-25;Lays;snacks;552;97;53544
143;2015-9-5;Parlament;cigarettes;575;180;103500
144;2024-11-8;Bacon;meat;241;190;45790
145;2021-9-25;Chapman_Rose;cigarettes;144;230;33120
146;2021-10-27;Chapman_Rose;cigarettes;412;230;94760
147;2021-5-9;Apple;fruits;783;90;70470
148;2022-5-14;Chapman_Rose;cigarettes;544;230;125120
149;2017-2-18;Wine;alcohol;904;1400;1265600
150;2015-8-4;Chechil;dairy_products;310;150;46500
151;2024-5-8;Beer;alcohol;687;90;61830
152;2024-10-2;Milk;dairy_products;136;100;13600
153;2019-6-11;Apple;fruits;445;90;40050
154;2018-12-18;Eggs;meat;542;130;70460
155;2018-11-22;Coca-Cola;sugary_drinks;401;97;38897
156;2021-10-25;Twix;chocolate;560;85;47600
157;2015-5-6;Beer;alcohol;623;90;56070
158;2019-10-5;Chapman_Rose;cigarettes;111;230;25530
159;2021-4-23;Chapman_Green;cigarettes;295;230;67850
160;2020-3-11;Coca-Cola;sugary_drinks;329;97;31913
161;2019-8-5;Eggs;meat;498;130;64740
162;2017-7-25;Parlament;cigarettes;529;180;95220
163;2022-9-21;Chapman_Rose;cigarettes;328;230;75440
164;2017-8-9;Pepsi;sugary_drinks;108;90;9720
165;2016-3-26;Bacon;meat;274;190;52060
166;2018-7-13;Dove_Chocolate;chocolate;93;30;2790
167;2019-4-25;Harvest;cigarettes;190;260;49400
168;2015-8-24;Wine;alcohol;799;1400;1118600
169;2024-8-17;Snickers;chocolate;708;90;63720
170;2021-9-7;Chapman_Rose;cigarettes;448;230;103040
171;2017-9-13;Snickers;chocolate;144;90;12960
172;2024-11-23;Twix;chocolate;725;85;61625
173;2021-6-15;Chicken_Fillet;meat;33;230;7590
174;2019-5-10;Nachos;snacks;709;150;106350
175;2022-12-2;Mars;chocolate;922;90;82980
176;2019-10-22;Chicken_Fillet;meat;147;230;33810
177;2023-3-28;Chicken_Fillet;meat;807;230;185610
178;2023-5-24;Apple_Juice;sugary_drinks;984;120;118080
179;2018-2-10;Beer;alcohol;373;90;33570
180;2024-1-13;Chicken_Fillet;meat;177;230;40710
181;2015-5-3;Apple_Juice;sugary_drinks;147;120;17640
182;2023-1-23;Chicken_Fillet;meat;807;230;185610
183;2016-8-1;Apple_Juice;sugary_drinks;869;120;104280
184;2020-9-25;Parlament;cigarettes;41;180;7380
185;2022-3-16;Chicken_Fillet;meat;245;230;56350
186;2022-4-24;Pizza;ready_made_food;706;270;190620
187;2018-11-12;Mars;chocolate;759;90;68310
188;2024-10-26;Coca-Cola;sugary_drinks;725;97;70325
189;2015-11-27;Twix;chocolate;317;85;26945
190;2022-8-25;Nachos;snacks;818;150;122700
191;2017-12-10;Wiskey;alcohol;693;2300;1593900
192;2016-10-9;Chapman_Green;cigarettes;933;230;214590
193;2018-10-14;Picnic;chocolate;958;79;75682
194;2018-8-8;Milk;dairy_products;274;100;27400
195;2017-8-7;Popcorn;snacks;413;73;30149
196;2022-6-5;Wiskey;alcohol;362;2300;832600
197;2019-10-26;Mars;chocolate;212;90;19080
198;2024-5-5;Twix;chocolate;679;85;57715
199;2024-11-13;Popcorn;snacks;403;73;29419
200;2019-7-25;Milk;dairy_products;491;100;49100
201;2021-4-22;Milk;dairy_products;645;100;64500
202;2016-9-18;Chicken_Fillet;meat;301;230;69230
203;2023-8-16;Harvest;cigarettes;762;260;198120
204;2019-3-21;Milk;dairy_products;399;100;39900
205;2019-1-19;Chicken_Fillet;meat;364;230;83720
206;2024-12-5;Apple;fruits;779;90;70110
207;2016-4-14;Picnic;chocolate;944;79;74576
208;2020-10-8;Bacon;meat;254;190;48260
209;2024-4-1;Pepsi;sugary_drinks;841;90;75690
210;2018-3-2;Harvest;cigarettes;323;260;83980
211;2023-5-13;Pizza;ready_made_food;467;270;126090
212;2019-8-28;Picnic;chocolate;596;79;47084
213;2017-9-11;Chapman_Rose;cigarettes;559;230;128570
214;2016-5-2;Dove_Chocolate;chocolate;155;30;4650
215;2018-12-15;Mars;chocolate;58;90;5220
216;2016-7-2;Parlament;cigarettes;244;180;43920
217;2022-4-24;Milk;dairy_products;584;100;58400
218;2022-4-17;Chicken_Fillet;meat;531;230;122130
219;2023-10-9;Dove_Chocolate;chocolate;953;30;28590
220;2015-2-13;Harvest;cigarettes;835;260;217100
221;2021-7-19;Nachos;snacks;557;150;83550
222;2022-3-16;Dove_Chocolate;chocolate;261;30;7830
223;2017-3-11;Coca-Cola;sugary_drinks;163;97;15811
224;2024-12-12;Pepsi;sugary_drinks;266;90;23940
225;2015-10-10;Chechil;dairy_products;261;150;39150
226;2021-11-24;Twix;chocolate;430;85;36550
227;2023-11-22;Chapman_Green;cigarettes;991;230;227930
228;2020-12-23;Eggs;meat;630;130;81900
229;2017-6-25;Snickers;chocolate;677;90;60930
230;2024-12-4;Banana;fruits;198;130;25740
231;2018-11-6;Apple_Juice;sugary_drinks;838;120;100560
232;2019-11-28;Twix;chocolate;764;85;64940
233;2020-4-25;Bacon;meat;218;190;41420
234;2023-10-14;Banana;fruits;524;130;68120
235;2015-9-19;Pizza;ready_made_food;903;270;243810
236;2020-3-3;Chapman_Green;cigarettes;108;230;24840
237;2017-10-20;Chapman_Green;cigarettes;721;230;165830
238;2021-12-25;Beer;alcohol;213;90;19170
239;2022-5-15;Eggs;meat;967;130;125710
240;2020-5-8;Banana;fruits;371;130;48230
241;2022-3-24;Chapman_Rose;cigarettes;163;230;37490
242;2015-11-17;Coca-Cola;sugary_drinks;691;97;67027
243;2019-8-27;Dove_Chocolate;chocolate;327;30;9810
244;2017-10-20;Chapman_Brown;cigarettes;505;230;116150
245;2018-11-24;Mars;chocolate;223;90;20070
246;2024-5-21;Chapman_Brown;cigarettes;753;230;173190
247;2018-2-6;Pizza;ready_made_food;668;270;180360
248;2017-1-11;Chechil;dairy_products;738;150;110700
249;2018-7-14;Chicken_Fillet;meat;493;230;113390
250;2023-11-11;Bacon;meat;346;190;65740
251;2018-5-6;Pizza;ready_made_food;797;270;215190
252;2019-5-9;Chapman_Green;cigarettes;480;230;110400
253;2024-6-6;Wine;alcohol;855;1400;1197000
254;2021-11-10;Dove_Chocolate;chocolate;278;30;8340
255;2017-2-24;Dove_Chocolate;chocolate;129;30;3870
256;2021-5-2;Pizza;ready_made_food;850;270;229500
257;2018-8-23;Lays;snacks;99;97;9603
258;2021-9-3;Pepsi;sugary_drinks;337;90;30330
259;2020-8-8;Nachos;snacks;247;150;37050
260;2022-9-11;Bacon;meat;710;190;134900
261;2019-8-11;Popcorn;snacks;257;73;18761
262;2016-8-26;Popcorn;snacks;536;73;39128
263;2015-1-3;Pepsi;sugary_drinks;830;90;74700
264;2023-10-25;Chicken_Fillet;meat;981;230;225630
265;2018-5-4;Pepsi;sugary_drinks;857;90;77130
266;2022-5-22;Bacon;meat;371;190;70490
267;2024-5-10;Wiskey;alcohol;57;2300;131100
268;2020-2-1;Pizza;ready_made_food;237;270;63990
269;2022-7-21;Picnic;chocolate;507;79;40053
270;2017-9-17;Pizza;ready_made_food;213;270;57510
271;2017-12-2;Apple_Juice;sugary_drinks;647;120;77640
272;2021-8-17;Snickers;chocolate;482;90;43380
273;2016-6-20;Chapman_Rose;cigarettes;394;230;90620
274;2024-10-21;Picnic;chocolate;427;79;33733
275;2019-10-25;Dove_Chocolate;chocolate;910;30;27300
276;2019-10-24;Bacon;meat;224;190;42560
277;2020-3-8;Popcorn;snacks;398;73;29054
278;2021-6-17;Chechil;dairy_products;764;150;114600
279;2022-1-27;Chapman_Rose;cigarettes;492;230;113160
280;2021-10-4;Nachos;snacks;341;150;51150
281;2020-10-18;Apple;fruits;938;90;84420
282;2018-11-4;Snickers;chocolate;609;90;54810
283;2020-10-18;Bacon;meat;91;190;17290
284;2021-4-25;Chapman_Green;cigarettes;43;230;9890
285;2017-5-10;Chapman_Rose;cigarettes;779;230;179170
286;2023-8-1;Banana;fruits;769;130;99970
287;2015-6-13;Chicken_Fillet;meat;857;230;197110
288;2017-7-17;Nachos;snacks;73;150;10950
289;2023-8-3;Dove_Chocolate;chocolate;449;30;13470
290;2017-4-17;Chapman_Green;cigarettes;757;230;174110
291;2024-1-5;Beer;alcohol;665;90;59850
292;2024-2-17;Coca-Cola;sugary_drinks;919;97;89143
293;2019-10-26;Apple;fruits;827;90;74430
294;2015-3-13;Snickers;chocolate;531;90;47790
295;2017-7-28;Chapman_Brown;cigarettes;952;230;218960
296;2016-6-15;Banana;fruits;36;130;4680
297;2021-3-1;Chapman_Rose;cigarettes;825;230;189750
298;2019-7-11;Chapman_Green;cigarettes;282;230;64860
299;2015-9-19;Coca-Cola;sugary_drinks;207;97;20079
300;2015-1-22;Chapman_Brown;cigarettes;93;230;21390
301;2020-8-4;Wine;alcohol;479;1400;670600
302;2024-5-11;Milk;dairy_products;805;100;80500
303;2015-8-20;Milk;dairy_products;135;100;13500
304;2020-10-3;Apple;fruits;659;90;59310
305;2021-2-22;Apple;fruits;161;90;14490
306;2021-10-13;Pizza;ready_made_food;367;270;99090
307;2020-6-22;Beer;alcohol;543;90;48870
308;2024-3-11;Chapman_Rose;cigarettes;896;230;206080
309;2019-2-11;Chechil;dairy_products;171;150;25650
310;2016-12-25;Milk;dairy_products;307;100;30700
311;2023-7-9;Lays;snacks;987;97;95739
312;2022-3-4;Chapman_Brown;cigarettes;440;230;101200
313;2016-9-13;Picnic;chocolate;775;79;61225
314;2023-3-22;Picnic;chocolate;881;79;69599
315;2020-2-4;Chapman_Rose;cigarettes;487;230;112010
316;2016-4-26;Apple;fruits;30;90;2700
317;2015-10-25;Chapman_Brown;cigarettes;586;230;134780
318;2023-10-7;Eggs;meat;577;130;75010
319;2022-2-21;Popcorn;snacks;200;73;14600
320;2022-6-21;Lays;snacks;623;97;60431
321;2017-3-18;Chapman_Brown;cigarettes;870;230;200100
322;2015-2-13;Chapman_Brown;cigarettes;756;230;173880
323;2017-4-7;Sour_Cream;dairy_products;123;90;11070
324;2024-2-3;Milk;dairy_products;485;100;48500
325;2021-10-11;Popcorn;snacks;722;73;52706
326;2021-6-7;Chechil;dairy_products;409;150;61350
327;2019-4-6;Apple;fruits;40;90;3600
328;2022-11-3;Parlament;cigarettes;703;180;126540
329;2018-2-27;Snickers;chocolate;598;90;53820
330;2020-11-20;Wine;alcohol;579;1400;810600
331;2018-3-8;Harvest;cigarettes;524;260;136240
332;2017-6-5;Apple_Juice;sugary_drinks;752;120;90240
333;2024-12-3;Harvest;cigarettes;350;260;91000
334;2022-9-27;Harvest;cigarettes;311;260;80860
335;2018-5-12;Chapman_Brown;cigarettes;103;230;23690
336;2021-2-26;Coca-Cola;sugary_drinks;405;97;39285
337;2023-10-18;Milk;dairy_products;591;100;59100
338;2022-1-19;Wiskey;alcohol;284;2300;653200
339;2019-3-15;Chapman_Rose;cigarettes;367;230;84410
340;2020-12-7;Bacon;meat;767;190;145730
341;2024-6-24;Parlament;cigarettes;924;180;166320
342;2022-3-4;Eggs;meat;782;130;101660
343;2021-9-1;Chechil;dairy_products;655;150;98250
344;2024-9-15;Twix;chocolate;665;85;56525
345;2018-1-3;Chicken_Fillet;meat;659;230;151570
346;2015-10-7;Apple_Juice;sugary_drinks;316;120;37920
347;2020-12-12;Twix;chocolate;343;85;29155
348;2018-10-25;Pizza;ready_made_food;585;270;157950
349;2022-3-8;Beer;alcohol;443;90;39870
350;2017-7-17;Chicken_Fillet;meat;662;230;152260
351;2021-5-26;Chapman_Rose;cigarettes;325;230;74750
352;2017-2-22;Wine;alcohol;349;1400;488600
353;2019-2-18;Popcorn;snacks;917;73;66941
354;2018-12-11;Twix;chocolate;506;85;43010
355;2015-4-18;Lays;snacks;92;97;8924
356;2021-1-15;Wine;alcohol;606;1400;848400
357;2024-12-21;Chapman_Green;cigarettes;328;230;75440
358;2015-1-24;Pepsi;sugary_drinks;462;90;41580
359;2020-4-11;Snickers;chocolate;456;90;41040
360;2018-4-23;Nachos;snacks;816;150;122400
361;2015-7-7;Chapman_Rose;cigarettes;822;230;189060
362;2016-4-8;Bacon;meat;599;190;113810
363;2019-2-22;Parlament;cigarettes;534;180;96120
364;2020-3-16;Nachos;snacks;567;150;85050
365;2016-2-27;Picnic;chocolate;439;79;34681
366;2020-8-21;Sour_Cream;dairy_products;734;90;66060
367;2021-1-27;Parlament;cigarettes;268;180;48240
368;2019-12-19;Chapman_Brown;cigarettes;316;230;72680
369;2015-9-12;Eggs;meat;692;130;89960
370;2022-4-27;Bacon;meat;752;190;142880
371;2018-2-20;Chechil;dairy_products;375;150;56250
372;2019-3-21;Chechil;dairy_products;966;150;144900
373;2015-1-9;Dove_Chocolate;chocolate;526;30;15780
374;2022-9-6;Chechil;dairy_products;494;150;74100
375;2023-3-22;Eggs;meat;703;130;91390
376;2016-12-19;Parlament;cigarettes;147;180;26460
377;2021-6-11;Popcorn;snacks;91;73;6643
378;2022-1-19;Coca-Cola;sugary_drinks;491;97;47627
379;2021-3-9;Lays;snacks;489;97;47433
380;2021-8-15;Harvest;cigarettes;726;260;188760
381;2015-1-26;Apple_Juice;sugary_drinks;338;120;40560
382;2024-8-10;Apple;fruits;156;90;14040
383;2019-7-5;Apple_Juice;sugary_drinks;305;120;36600
384;2015-9-5;Chapman_Green;cigarettes;145;230;33350
385;2024-7-8;Snickers;chocolate;436;90;39240
386;2022-9-6;Banana;fruits;528;130;68640
387;2016-4-5;Mars;chocolate;370;90;33300
388;2017-9-11;Coca-Cola;sugary_drinks;330;97;32010
389;2024-7-21;Chechil;dairy_products;549;150;82350
390;2019-7-1;Picnic;chocolate;447;79;35313
391;2017-1-2;Chicken_Fillet;meat;506;230;116380
392;2015-3-21;Chapman_Green;cigarettes;479;230;110170
393;2017-10-20;Milk;dairy_products;585;100;58500
394;2015-12-7;Nachos;snacks;170;150;25500
395;2024-5-20;Chicken_Fillet;meat;277;230;63710
396;2021-3-20;Chicken_Fillet;meat;402;230;92460
397;2021-11-13;Dove_Chocolate;chocolate;720;30;21600
398;2016-3-11;Banana;fruits;275;130;35750
399;2020-1-27;Pizza;ready_made_food;476;270;128520
400;2019-10-20;Picnic;chocolate;298;79;23542
401;2023-1-5;Chapman_Green;cigarettes;70;230;16100
402;2019-6-6;Eggs;meat;200;130;26000
403;2016-6-1;Chapman_Green;cigarettes;336;230;77280
404;2015-2-11;Milk;dairy_products;509;100;50900
405;2021-12-15;Chicken_Fillet;meat;954;230;219420
406;2017-1-13;Dove_Chocolate;chocolate;720;30;21600
407;2022-10-16;Snickers;chocolate;181;90;16290
408;2016-4-27;Parlament;cigarettes;931;180;167580
409;2021-9-15;Nachos;snacks;927;150;139050
410;2020-4-26;Pizza;ready_made_food;504;270;136080
411;2019-11-3;Parlament;cigarettes;155;180;27900
412;2021-5-21;Bacon;meat;948;190;180120
413;2015-5-12;Twix;chocolate;524;85;44540
414;2023-10-9;Milk;dairy_products;604;100;60400
415;2024-4-23;Milk;dairy_products;510;100;51000
416;2016-8-19;Dove_Chocolate;chocolate;849;30;25470
417;2016-3-24;Sour_Cream;dairy_products;726;90;65340
418;2018-5-12;Apple_Juice;sugary_drinks;140;120;16800
419;2023-3-28;Chapman_Green;cigarettes;231;230;53130
420;2020-9-4;Chapman_Brown;cigarettes;763;230;175490
421;2021-2-25;Mars;chocolate;592;90;53280
422;2023-2-26;Lays;snacks;744;97;72168
423;2016-12-24;Sour_Cream;dairy_products;909;90;81810
424;2020-8-8;Popcorn;snacks;685;73;50005
425;2019-12-3;Mars;chocolate;53;90;4770
426;2020-2-11;Wiskey;alcohol;546;2300;1255800
427;2016-5-3;Coca-Cola;sugary_drinks;349;97;33853
428;2023-2-27;Nachos;snacks;220;150;33000
429;2017-5-28;Popcorn;snacks;957;73;69861
430;2024-9-19;Bacon;meat;736;190;139840
431;2023-2-11;Lays;snacks;220;97;21340
432;2023-2-27;Wiskey;alcohol;865;2300;1989500
433;2016-6-25;Wiskey;alcohol;705;2300;1621500
434;2016-12-18;Picnic;chocolate;672;79;53088
435;2017-3-16;Twix;chocolate;927;85;78795
436;2021-7-13;Mars;chocolate;971;90;87390
437;2024-6-24;Popcorn;snacks;326;73;23798
438;2021-2-3;Pizza;ready_made_food;939;270;253530
439;2024-6-18;Wiskey;alcohol;603;2300;1386900
440;2017-11-22;Snickers;chocolate;279;90;25110
441;2019-1-21;Banana;fruits;332;130;43160
442;2020-10-4;Chechil;dairy_products;957;150;143550
443;2016-9-10;Popcorn;snacks;54;73;3942
444;2022-1-9;Eggs;meat;505;130;65650
445;2018-9-15;Popcorn;snacks;389;73;28397
446;2015-4-4;Wine;alcohol;437;1400;611800
447;2020-9-2;Sour_Cream;dairy_products;456;90;41040
448;2018-10-9;Parlament;cigarettes;56;180;10080
449;2022-12-12;Coca-Cola;sugary_drinks;287;97;27839
450;2023-5-15;Pepsi;sugary_drinks;396;90;35640
451;2022-6-28;Coca-Cola;sugary_drinks;174;97;16878
452;2020-6-28;Wine;alcohol;546;1400;764400
453;2022-5-24;Chicken_Fillet;meat;394;230;90620
454;2021-2-12;Banana;fruits;492;130;63960
455;2016-2-7;Nachos;snacks;94;150;14100
456;2024-6-24;Chechil;dairy_products;644;150;96600
457;2020-1-16;Parlament;cigarettes;32;180;5760
458;2017-3-25;Parlament;cigarettes;140;180;25200
459;2017-9-16;Pepsi;sugary_drinks;312;90;28080
460;2022-1-26;Coca-Cola;sugary_drinks;38;97;3686
461;2016-9-9;Coca-Cola;sugary_drinks;103;97;9991
462;2019-5-3;Chechil;dairy_products;936;150;140400
463;2021-1-26;Chechil;dairy_products;228;150;34200
464;2023-5-15;Harvest;cigarettes;714;260;185640
465;2015-9-19;Harvest;cigarettes;345;260;89700
466;2020-7-5;Picnic;chocolate;174;79;13746
467;2020-5-26;Milk;dairy_products;697;100;69700
468;2021-2-15;Eggs;meat;489;130;63570
469;2018-4-8;Chechil;dairy_products;995;150;149250
470;2023-7-23;Beer;alcohol;612;90;55080
471;2021-9-24;Eggs;meat;173;130;22490
472;2020-7-15;Pizza;ready_made_food;848;270;228960
473;2020-6-1;Snickers;chocolate;541;90;48690
474;2023-4-4;Dove_Chocolate;chocolate;441;30;13230
475;2018-4-14;Eggs;meat;996;130;129480
476;2017-1-8;Parlament;cigarettes;449;180;80820
477;2017-7-19;Sour_Cream;dairy_products;601;90;54090
478;2017-11-8;Chapman_Green;cigarettes;512;230;117760
479;2017-12-4;Snickers;chocolate;806;90;72540
480;2024-1-5;Banana;fruits;874;130;113620
481;2023-4-19;Dove_Chocolate;chocolate;315;30;9450
482;2022-10-15;Coca-Cola;sugary_drinks;523;97;50731
483;2021-12-10;Apple;fruits;397;90;35730
484;2017-8-20;Dove_Chocolate;chocolate;637;30;19110
485;2021-1-12;Parlament;cigarettes;678;180;122040
486;2017-2-10;Snickers;chocolate;864;90;77760
487;2022-2-8;Snickers;chocolate;399;90;35910
488;2016-9-6;Bacon;meat;556;190;105640
489;2023-7-20;Snickers;chocolate;581;90;52290
490;2018-4-6;Wine;alcohol;618;1400;865200
491;2017-11-5;Eggs;meat;197;130;25610
492;2024-11-9;Chicken_Fillet;meat;805;230;185150
493;2018-11-9;Chechil;dairy_products;235;150;35250
494;2020-4-18;Apple_Juice;sugary_drinks;580;120;69600
495;2020-7-14;Sour_Cream;dairy_products;528;90;47520
496;2020-5-24;Milk;dairy_products;663;100;66300
497;2022-3-14;Nachos;snacks;738;150;110700
498;2024-7-23;Snickers;chocolate;420;90;37800
499;2021-8-10;Parlament;cigarettes;467;180;84060
500;2024-6-3;Chechil;dairy_products;491;150;73650
501;2020-7-5;Coca-Cola;sugary_drinks;742;97;71974
502;2022-4-25;Chapman_Rose;cigarettes;370;230;85100
503;2016-11-22;Twix;chocolate;917;85;77945
504;2024-9-23;Bacon;meat;482;190;91580
505;2023-4-25;Apple;fruits;475;90;42750
506;2016-9-16;Chapman_Green;cigarettes;307;230;70610
507;2015-12-10;Snickers;chocolate;916;90;82440
508;2022-12-26;Beer;alcohol;804;90;72360
509;2020-7-19;Dove_Chocolate;chocolate;456;30;13680
510;2020-12-2;Pizza;ready_made_food;624;270;168480
511;2019-7-27;Chechil;dairy_products;61;150;9150
512;2023-7-14;Nachos;snacks;241;150;36150
513;2015-3-2;Twix;chocolate;800;85;68000
514;2020-8-19;Dove_Chocolate;chocolate;342;30;10260
515;2020-1-25;Coca-Cola;sugary_drinks;375;97;36375
516;2023-1-3;Pepsi;sugary_drinks;562;90;50580
517;2020-7-11;Bacon;meat;476;190;90440
518;2020-10-13;Parlament;cigarettes;752;180;135360
519;2018-9-11;Beer;alcohol;156;90;14040
520;2021-10-24;Wine;alcohol;752;1400;1052800
521;2023-12-2;Milk;dairy_products;570;100;57000
522;2021-5-23;Pizza;ready_made_food;719;270;194130
523;2016-6-1;Mars;chocolate;200;90;18000
524;2021-9-5;Harvest;cigarettes;501;260;130260
525;2021-12-25;Lays;snacks;521;97;50537
526;2023-11-25;Dove_Chocolate;chocolate;864;30;25920
527;2018-11-24;Chapman_Green;cigarettes;342;230;78660
528;2023-2-28;Pepsi;sugary_drinks;565;90;50850
529;2019-12-3;Apple;fruits;255;90;22950
530;2022-11-7;Beer;alcohol;77;90;6930
531;2021-2-11;Chicken_Fillet;meat;899;230;206770
532;2018-12-1;Harvest;cigarettes;732;260;190320
533;2020-9-16;Harvest;cigarettes;54;260;14040
534;2015-5-18;Chapman_Rose;cigarettes;111;230;25530
535;2022-6-14;Coca-Cola;sugary_drinks;535;97;51895
536;2021-1-2;Pizza;ready_made_food;76;270;20520
537;2024-4-3;Apple;fruits;486;90;43740
538;2017-1-6;Dove_Chocolate;chocolate;138;30;4140
539;2021-4-13;Parlament;cigarettes;585;180;105300
540;2021-1-22;Harvest;cigarettes;620;260;161200
541;2018-1-27;Dove_Chocolate;chocolate;430;30;12900
542;2018-1-2;Chapman_Rose;cigarettes;376;230;86480
543;2022-11-28;Chechil;dairy_products;975;150;146250
544;2017-4-20;Chechil;dairy_products;613;150;91950
545;2019-4-12;Picnic;chocolate;745;79;58855
546;2015-4-21;Apple;fruits;940;90;84600
547;2019-3-8;Snickers;chocolate;336;90;30240
548;2018-1-28;Pepsi;sugary_drinks;321;90;28890
549;2017-7-4;Beer;alcohol;500;90;45000
550;2016-3-7;Snickers;chocolate;586;90;52740
551;2022-5-20;Lays;snacks;446;97;43262
552;2016-1-12;Pizza;ready_made_food;693;270;187110
553;2019-1-24;Snickers;chocolate;798;90;71820
554;2018-4-18;Chapman_Green;cigarettes;603;230;138690
555;2015-3-24;Wiskey;alcohol;984;2300;2263200
556;2024-7-10;Bacon;meat;161;190;30590
557;2015-6-27;Lays;snacks;928;97;90016
558;2018-5-16;Popcorn;snacks;275;73;20075
559;2019-8-15;Harvest;cigarettes;122;260;31720
560;2022-7-17;Pizza;ready_made_food;379;270;102330
561;2021-6-10;Harvest;cigarettes;874;260;227240
562;2016-6-26;Apple;fruits;117;90;10530
563;2024-3-6;Apple;fruits;554;90;49860
564;2022-11-17;Eggs;meat;57;130;7410
565;2017-12-2;Bacon;meat;310;190;58900
566;2019-11-14;Apple_Juice;sugary_drinks;597;120;71640
567;2018-10-21;Harvest;cigarettes;225;260;58500
568;2019-6-20;Pizza;ready_made_food;744;270;200880
569;2023-3-24;Chapman_Rose;cigarettes;364;230;83720
570;2015-11-25;Lays;snacks;542;97;52574
571;2018-5-22;Picnic;chocolate;675;79;53325
572;2019-11-24;Eggs;meat;828;130;107640
573;2022-12-14;Banana;fruits;251;130;32630
574;2021-7-24;Mars;chocolate;742;90;66780
575;2020-5-15;Harvest;cigarettes;937;260;243620
576;2016-12-11;Harvest;cigarettes;151;260;39260
577;2021-8-2;Apple;fruits;581;90;52290
578;2020-11-25;Parlament;cigarettes;741;180;133380
579;2021-11-25;Mars;chocolate;753;90;67770
580;2017-12-28;Banana;fruits;205;130;26650
581;2024-6-13;Wine;alcohol;920;1400;1288000
582;2021-5-25;Twix;chocolate;555;85;47175
583;2016-8-26;Mars;chocolate;745;90;67050
584;2015-12-1;Sour_Cream;dairy_products;144;90;12960
585;2016-5-15;Eggs;meat;186;130;24180
586;2015-8-26;Chapman_Brown;cigarettes;50;230;11500
587;2015-8-1;Nachos;snacks;187;150;28050
588;2022-2-6;Apple_Juice;sugary_drinks;857;120;102840
589;2018-11-19;Wiskey;alcohol;480;2300;1104000
590;2024-8-28;Chicken_Fillet;meat;818;230;188140
591;2018-2-12;Apple;fruits;904;90;81360
592;2018-5-20;Wiskey;alcohol;601;2300;1382300
593;2016-10-2;Wiskey;alcohol;828;2300;1904400
594;2023-2-12;Chicken_Fillet;meat;195;230;44850
595;2023-5-26;Chapman_Brown;cigarettes;741;230;170430
596;2021-2-25;Chechil;dairy_products;223;150;33450
597;2016-7-12;Mars;chocolate;291;90;26190
598;2018-11-10;Coca-Cola;sugary_drinks;706;97;68482
599;2021-12-11;Pepsi;sugary_drinks;540;90;48600
600;2015-4-26;Eggs;meat;439;130;57070
601;2021-2-4;Chapman_Green;cigarettes;797;230;183310
602;2020-7-17;Banana;fruits;993;130;129090
603;2015-6-1;Wiskey;alcohol;248;2300;570400
604;2023-1-23;Banana;fruits;588;130;76440
605;2023-4-4;Eggs;meat;764;130;99320
606;2022-4-15;Wine;alcohol;121;1400;169400
607;2020-6-10;Nachos;snacks;973;150;145950
608;2021-9-1;Lays;snacks;831;97;80607
609;2022-11-23;Popcorn;snacks;537;73;39201
610;2021-7-12;Chapman_Brown;cigarettes;954;230;219420
611;2022-3-28;Banana;fruits;539;130;70070
612;2015-11-19;Chapman_Rose;cigarettes;144;230;33120
613;2024-3-7;Wiskey;alcohol;101;2300;232300
614;2023-4-4;Popcorn;snacks;630;73;45990
615;2021-5-22;Mars;chocolate;531;90;47790
616;2024-3-18;Milk;dairy_products;162;100;16200
617;2016-5-28;Chechil;dairy_products;516;150;77400
618;2020-1-16;Bacon;meat;326;190;61940
619;2017-10-26;Lays;snacks;94;97;9118
620;2022-2-13;Apple;fruits;343;90;30870
621;2019-1-5;Chapman_Green;cigarettes;344;230;79120
622;2018-1-12;Wiskey;alcohol;883;2300;2030900
623;2018-12-3;Milk;dairy_products;91;100;9100
624;2018-7-8;Chapman_Brown;cigarettes;714;230;164220
625;2023-7-4;Harvest;cigarettes;694;260;180440
626;2017-9-4;Snickers;chocolate;200;90;18000
627;2015-3-15;Bacon;meat;996;190;189240
628;2015-8-15;Sour_Cream;dairy_products;893;90;80370
629;2020-6-27;Pepsi;sugary_drinks;241;90;21690
630;2017-2-16;Mars;chocolate;496;90;44640
631;2018-1-20;Bacon;meat;961;190;182590
632;2018-11-15;Chechil;dairy_products;832;150;124800
633;2024-2-14;Apple;fruits;456;90;41040
634;2018-11-14;Eggs;meat;454;130;59020
635;2017-1-16;Pepsi;sugary_drinks;543;90;48870
636;2020-3-24;Harvest;cigarettes;204;260;53040
637;2017-7-25;Chechil;dairy_products;690;150;103500
638;2024-12-28;Chapman_Rose;cigarettes;366;230;84180
639;2022-5-4;Picnic;chocolate;626;79;49454
640;2024-1-3;Milk;dairy_products;375;100;37500
641;2022-2-4;Pizza;ready_made_food;378;270;102060
642;2024-4-25;Bacon;meat;419;190;79610
643;2016-3-25;Bacon;meat;878;190;166820
644;2016-11-7;Wiskey;alcohol;853;2300;1961900
645;2022-9-11;Wiskey;alcohol;688;2300;1582400
646;2017-10-22;Snickers;chocolate;727;90;65430
647;2022-12-28;Twix;chocolate;527;85;44795
648;2020-2-13;Bacon;meat;834;190;158460
649;2022-7-10;Dove_Chocolate;chocolate;164;30;4920
650;2019-6-9;Chapman_Rose;cigarettes;41;230;9430
651;2022-12-9;Apple_Juice;sugary_drinks;107;120;12840
652;2019-11-25;Coca-Cola;sugary_drinks;625;97;60625
653;2016-3-16;Chechil;dairy_products;478;150;71700
654;2015-9-17;Eggs;meat;90;130;11700
655;2019-3-22;Pepsi;sugary_drinks;996;90;89640
656;2016-3-24;Banana;fruits;682;130;88660
657;2023-2-4;Coca-Cola;sugary_drinks;414;97;40158
658;2019-4-19;Dove_Chocolate;chocolate;777;30;23310
659;2022-7-17;Coca-Cola;sugary_drinks;442;97;42874
660;2019-10-18;Chicken_Fillet;meat;741;230;170430
661;2015-9-11;Snickers;chocolate;824;90;74160
662;2019-8-3;Banana;fruits;440;130;57200
663;2020-2-22;Mars;chocolate;98;90;8820
664;2017-9-14;Lays;snacks;598;97;58006
665;2019-2-17;Lays;snacks;929;97;90113
666;2024-10-19;Eggs;meat;436;130;56680
667;2018-2-14;Beer;alcohol;968;90;87120
668;2022-3-1;Sour_Cream;dairy_products;320;90;28800
669;2016-4-25;Eggs;meat;798;130;103740
670;2021-5-2;Nachos;snacks;476;150;71400
671;2021-1-26;Beer;alcohol;460;90;41400
672;2015-3-26;Bacon;meat;871;190;165490
673;2015-1-17;Picnic;chocolate;1000;79;79000
674;2024-9-7;Wine;alcohol;970;1400;1358000
675;2015-6-7;Beer;alcohol;559;90;50310
676;2024-9-5;Twix;chocolate;285;85;24225
677;2017-1-20;Twix;chocolate;283;85;24055
678;2022-6-11;Chapman_Brown;cigarettes;276;230;63480
679;2018-3-17;Apple;fruits;304;90;27360
680;2019-11-16;Picnic;chocolate;182;79;14378
681;2024-2-15;Sour_Cream;dairy_products;310;90;27900
682;2024-5-19;Coca-Cola;sugary_drinks;574;97;55678
683;2017-6-12;Parlament;cigarettes;523;180;94140
684;2023-5-2;Bacon;meat;433;190;82270
685;2018-9-4;Popcorn;snacks;519;73;37887
686;2021-5-27;Lays;snacks;37;97;3589
687;2024-11-26;Beer;alcohol;488;90;43920
688;2015-3-15;Chechil;dairy_products;396;150;59400
689;2016-6-9;Nachos;snacks;400;150;60000
690;2024-4-28;Banana;fruits;980;130;127400
691;2016-10-15;Mars;chocolate;280;90;25200
692;2023-4-5;Coca-Cola;sugary_drinks;571;97;55387
693;2024-7-21;Sour_Cream;dairy_products;62;90;5580
694;2023-2-15;Chapman_Rose;cigarettes;137;230;31510
695;2018-2-11;Picnic;chocolate;378;79;29862
696;2023-5-16;Dove_Chocolate;chocolate;986;30;29580
697;2021-6-23;Lays;snacks;744;97;72168
698;2017-5-16;Chicken_Fillet;meat;422;230;97060
699;2017-8-3;Mars;chocolate;204;90;18360
700;2018-1-25;Harvest;cigarettes;712;260;185120
701;2023-5-28;Dove_Chocolate;chocolate;622;30;18660
702;2017-4-27;Nachos;snacks;382;150;57300
703;2016-8-8;Dove_Chocolate;chocolate;486;30;14580
704;2015-12-9;Lays;snacks;927;97;89919
705;2019-6-22;Apple_Juice;sugary_drinks;459;120;55080
706;2024-4-6;Beer;alcohol;673;90;60570
707;2023-9-25;Bacon;meat;314;190;59660
708;2020-8-25;Sour_Cream;dairy_products;445;90;40050
709;2018-6-11;Chapman_Rose;cigarettes;871;230;200330
710;2021-2-5;Chapman_Rose;cigarettes;79;230;18170
711;2017-10-10;Chicken_Fillet;meat;674;230;155020
712;2024-2-3;Parlament;cigarettes;64;180;11520
713;2019-8-2;Coca-Cola;sugary_drinks;171;97;16587
714;2017-11-9;Snickers;chocolate;427;90;38430
715;2020-7-18;Pizza;ready_made_food;684;270;184680
716;2022-5-23;Parlament;cigarettes;760;180;136800
717;2020-12-23;Chapman_Green;cigarettes;236;230;54280
718;2018-1-10;Dove_Chocolate;chocolate;444;30;13320
719;2018-10-10;Popcorn;snacks;74;73;5402
720;2021-1-2;Twix;chocolate;186;85;15810
721;2020-7-4;Milk;dairy_products;93;100;9300
722;2024-5-24;Eggs;meat;858;130;111540
723;2022-4-3;Chechil;dairy_products;32;150;4800
724;2024-3-3;Lays;snacks;217;97;21049
725;2016-1-12;Pepsi;sugary_drinks;613;90;55170
726;2016-4-27;Wiskey;alcohol;883;2300;2030900
727;2018-1-18;Beer;alcohol;103;90;9270
728;2021-3-18;Parlament;cigarettes;130;180;23400
729;2024-9-18;Dove_Chocolate;chocolate;902;30;27060
730;2024-4-15;Mars;chocolate;528;90;47520
731;2019-12-2;Picnic;chocolate;338;79;26702
732;2022-1-5;Snickers;chocolate;156;90;14040
733;2017-3-23;Nachos;snacks;519;150;77850
734;2022-6-12;Banana;fruits;652;130;84760
735;2022-9-15;Snickers;chocolate;600;90;54000
736;2015-12-4;Chicken_Fillet;meat;580;230;133400
737;2016-1-17;Chechil;dairy_products;842;150;126300
738;2017-7-19;Apple;fruits;239;90;21510
739;2018-10-10;Banana;fruits;741;130;96330
740;2016-1-22;Wine;alcohol;831;1400;1163400
741;2015-10-19;Nachos;snacks;652;150;97800
742;2017-7-22;Chicken_Fillet;meat;697;230;160310
743;2023-10-7;Wine;alcohol;125;1400;175000
744;2015-10-22;Eggs;meat;34;130;4420
745;2022-9-4;Beer;alcohol;559;90;50310
746;2020-7-3;Eggs;meat;222;130;28860
747;2024-1-17;Wiskey;alcohol;678;2300;1559400
748;2018-3-21;Beer;alcohol;628;90;56520
749;2020-12-13;Sour_Cream;dairy_products;590;90;53100
750;2022-12-22;Chapman_Rose;cigarettes;729;230;167670
751;2022-4-25;Lays;snacks;283;97;27451
752;2018-12-12;Nachos;snacks;408;150;61200
753;2023-1-21;Coca-Cola;sugary_drinks;783;97;75951
754;2018-2-13;Chapman_Rose;cigarettes;73;230;16790
755;2015-7-10;Chapman_Brown;cigarettes;213;230;48990
756;2021-9-22;Chapman_Brown;cigarettes;450;230;103500
757;2022-11-27;Chechil;dairy_products;594;150;89100
758;2018-12-26;Eggs;meat;546;130;70980
759;2020-9-28;Pepsi;sugary_drinks;319;90;28710
760;2018-9-16;Twix;chocolate;343;85;29155
761;2019-3-24;Apple_Juice;sugary_drinks;750;120;90000
762;2015-7-25;Banana;fruits;177;130;23010
763;2019-5-14;Nachos;snacks;973;150;145950
764;2021-8-13;Banana;fruits;912;130;118560
765;2021-5-24;Chapman_Green;cigarettes;429;230;98670
766;2015-3-15;Eggs;meat;816;130;106080
767;2024-9-17;Sour_Cream;dairy_products;965;90;86850
768;2016-1-18;Lays;snacks;713;97;69161
769;2021-8-19;Sour_Cream;dairy_products;480;90;43200
770;2017-11-10;Dove_Chocolate;chocolate;818;30;24540
771;2023-8-10;Mars;chocolate;643;90;57870
772;2016-5-9;Wiskey;alcohol;55;2300;126500
773;2020-3-2;Chechil;dairy_products;673;150;100950
774;2016-7-2;Mars;chocolate;921;90;82890
775;2024-1-17;Popcorn;snacks;599;73;43727
776;2016-3-6;Beer;alcohol;535;90;48150
777;2017-7-4;Chechil;dairy_products;88;150;13200
778;2024-8-14;Wiskey;alcohol;541;2300;1244300
779;2015-9-2;Chechil;dairy_products;798;150;119700
780;2019-7-14;Snickers;chocolate;39;90;3510
781;2019-10-8;Banana;fruits;556;130;72280
782;2018-10-19;Mars;chocolate;848;90;76320
783;2017-8-11;Popcorn;snacks;163;73;11899
784;2022-3-28;Milk;dairy_products;704;100;70400
785;2019-6-20;Apple_Juice;sugary_drinks;843;120;101160
786;2020-1-15;Popcorn;snacks;966;73;70518
787;2023-8-27;Parlament;cigarettes;492;180;88560
788;2015-3-28;Chicken_Fillet;meat;969;230;222870
789;2015-7-10;Apple_Juice;sugary_drinks;700;120;84000
790;2015-3-18;Sour_Cream;dairy_products;988;90;88920
791;2021-9-23;Nachos;snacks;719;150;107850
792;2020-6-18;Chapman_Rose;cigarettes;432;230;99360
793;2017-6-18;Wine;alcohol;634;1400;887600
794;2018-8-5;Nachos;snacks;456;150;68400
795;2024-5-7;Parlament;cigarettes;154;180;27720
796;2017-3-19;Chapman_Brown;cigarettes;304;230;69920
797;2023-5-9;Coca-Cola;sugary_drinks;110;97;10670
798;2018-3-21;Sour_Cream;dairy_products;64;90;5760
799;2024-9-5;Chapman_Green;cigarettes;625;230;143750
800;2021-3-5;Pizza;ready_made_food;943;270;254610
801;2024-3-11;Eggs;meat;707;130;91910
802;2015-11-17;Lays;snacks;774;97;75078
803;2018-7-2;Twix;chocolate;822;85;69870
804;2019-12-13;Chicken_Fillet;meat;731;230;168130
805;2018-6-1;Parlament;cigarettes;481;180;86580
806;2024-12-3;Pepsi;sugary_drinks;580;90;52200
807;2018-1-17;Eggs;meat;510;130;66300
808;2022-11-17;Eggs;meat;931;130;121030
809;2023-5-23;Coca-Cola;sugary_drinks;353;97;34241
810;2017-12-18;Beer;alcohol;208;90;18720
811;2016-2-11;Pizza;ready_made_food;544;270;146880
812;2017-9-9;Banana;fruits;622;130;80860
813;2019-11-9;Lays;snacks;215;97;20855
814;2021-7-14;Dove_Chocolate;chocolate;858;30;25740
815;2019-6-13;Twix;chocolate;179;85;15215
816;2021-11-8;Mars;chocolate;626;90;56340
817;2017-8-3;Picnic;chocolate;369;79;29151
818;2023-3-21;Bacon;meat;204;190;38760
819;2022-2-18;Milk;dairy_products;409;100;40900
820;2021-1-5;Beer;alcohol;375;90;33750
821;2016-11-27;Beer;alcohol;902;90;81180
822;2020-2-4;Wine;alcohol;685;1400;959000
823;2024-2-10;Lays;snacks;949;97;92053
824;2022-8-26;Apple;fruits;133;90;11970
825;2017-4-6;Chapman_Brown;cigarettes;909;230;209070
826;2015-5-20;Pizza;ready_made_food;461;270;124470
827;2019-11-25;Chapman_Rose;cigarettes;315;230;72450
828;2021-6-12;Mars;chocolate;36;90;3240
829;2023-12-13;Chicken_Fillet;meat;837;230;192510
830;2020-7-7;Coca-Cola;sugary_drinks;469;97;45493
831;2022-6-13;Wiskey;alcohol;924;2300;2125200
832;2023-4-9;Chapman_Rose;cigarettes;387;230;89010
833;2022-11-7;Bacon;meat;151;190;28690
834;2020-8-14;Harvest;cigarettes;995;260;258700
835;2017-6-13;Sour_Cream;dairy_products;767;90;69030
836;2017-3-7;Wine;alcohol;301;1400;421400
837;2024-4-3;Coca-Cola;sugary_drinks;80;97;7760
838;2016-6-24;Twix;chocolate;444;85;37740
839;2021-1-15;Twix;chocolate;78;85;6630
840;2018-8-16;Chapman_Brown;cigarettes;57;230;13110
841;2016-3-10;Popcorn;snacks;502;73;36646
842;2021-5-14;Picnic;chocolate;291;79;22989
843;2021-3-19;Chicken_Fillet;meat;820;230;188600
844;2015-6-18;Wine;alcohol;818;1400;1145200
845;2018-4-15;Chicken_Fillet;meat;692;230;159160
846;2023-6-18;Parlament;cigarettes;595;180;107100
847;2020-12-6;Bacon;meat;814;190;154660
848;2020-7-26;Nachos;snacks;474;150;71100
849;2020-10-18;Pizza;ready_made_food;184;270;49680
850;2021-1-17;Lays;snacks;100;97;9700
851;2020-9-21;Lays;snacks;589;97;57133
852;2022-3-2;Popcorn;snacks;240;73;17520
853;2021-1-7;Apple;fruits;646;90;58140
854;2015-3-9;Chapman_Green;cigarettes;238;230;54740
855;2017-4-27;Nachos;snacks;173;150;25950
856;2019-2-6;Banana;fruits;910;130;118300
857;2021-6-13;Milk;dairy_products;981;100;98100
858;2015-5-4;Wine;alcohol;146;1400;204400
859;2024-7-16;Chapman_Green;cigarettes;223;230;51290
860;2021-12-18;Pizza;ready_made_food;72;270;19440
861;2024-6-17;Pizza;ready_made_food;579;270;156330
862;2024-10-16;Coca-Cola;sugary_drinks;267;97;25899
863;2015-1-13;Apple_Juice;sugary_drinks;534;120;64080
864;2019-5-5;Chapman_Rose;cigarettes;105;230;24150
865;2015-9-7;Wine;alcohol;527;1400;737800
866;2023-4-20;Sour_Cream;dairy_products;897;90;80730
867;2015-2-21;Apple_Juice;sugary_drinks;426;120;51120
868;2022-2-27;Picnic;chocolate;168;79;13272
869;2015-10-25;Sour_Cream;dairy_products;123;90;11070
870;2015-1-25;Bacon;meat;102;190;19380
871;2022-6-7;Picnic;chocolate;138;79;10902
872;2016-2-22;Apple_Juice;sugary_drinks;366;120;43920
873;2019-10-28;Lays;snacks;58;97;5626
874;2021-12-20;Chapman_Rose;cigarettes;658;230;151340
875;2017-4-23;Picnic;chocolate;495;79;39105
876;2021-12-26;Pepsi;sugary_drinks;760;90;68400
877;2024-2-2;Nachos;snacks;614;150;92100
878;2017-9-21;Apple_Juice;sugary_drinks;279;120;33480
879;2020-2-5;Chicken_Fillet;meat;769;230;176870
880;2017-6-20;Apple;fruits;88;90;7920
881;2015-3-6;Lays;snacks;883;97;85651
882;2023-1-7;Wiskey;alcohol;501;2300;1152300
883;2018-5-17;Chechil;dairy_products;557;150;83550
884;2017-5-3;Milk;dairy_products;230;100;23000
885;2016-6-28;Chapman_Brown;cigarettes;259;230;59570
886;2016-11-16;Milk;dairy_products;534;100;53400
887;2017-7-28;Wine;alcohol;563;1400;788200
888;2016-4-2;Parlament;cigarettes;96;180;17280
889;2019-2-19;Pizza;ready_made_food;327;270;88290
890;2018-9-23;Bacon;meat;622;190;118180
891;2020-9-8;Chechil;dairy_products;464;150;69600
892;2017-5-24;Mars;chocolate;420;90;37800
893;2018-8-19;Chapman_Rose;cigarettes;458;230;105340
894;2020-10-3;Parlament;cigarettes;723;180;130140
895;2015-8-1;Sour_Cream;dairy_products;628;90;56520
896;2017-7-10;Apple;fruits;958;90;86220
897;2023-6-11;Popcorn;snacks;637;73;46501
898;2020-4-10;Chechil;dairy_products;989;150;148350
899;2015-11-4;Pizza;ready_made_food;354;270;95580
900;2022-2-21;Chechil;dairy_products;238;150;35700
901;2020-6-26;Dove_Chocolate;chocolate;33;30;990
902;2019-12-13;Wiskey;alcohol;509;2300;1170700
903;2017-1-1;Parlament;cigarettes;469;180;84420
904;2021-1-14;Banana;fruits;979;130;127270
905;2017-8-13;Chechil;dairy_products;529;150;79350
906;2017-8-13;Chechil;dairy_products;712;150;106800
907;2017-11-27;Pepsi;sugary_drinks;554;90;49860
908;2021-11-20;Chapman_Brown;cigarettes;347;230;79810
909;2020-11-25;Harvest;cigarettes;793;260;206180
910;2021-11-11;Apple;fruits;857;90;77130
911;2022-3-20;Chapman_Brown;cigarettes;786;230;180780
912;2024-9-7;Chapman_Rose;cigarettes;611;230;140530
913;2023-8-8;Lays;snacks;425;97;41225
914;2017-9-2;Chapman_Brown;cigarettes;636;230;146280
915;2018-9-14;Twix;chocolate;455;85;38675
916;2024-1-5;Popcorn;snacks;131;73;9563
917;2024-5-12;Pepsi;sugary_drinks;109;90;9810
918;2020-4-11;Sour_Cream;dairy_products;990;90;89100
919;2023-4-26;Popcorn;snacks;103;73;7519
920;2019-10-22;Apple_Juice;sugary_drinks;128;120;15360
921;2023-7-9;Nachos;snacks;698;150;104700
922;2021-7-2;Picnic;chocolate;335;79;26465
923;2022-1-26;Coca-Cola;sugary_drinks;933;97;90501
924;2015-10-18;Chapman_Green;cigarettes;990;230;227700
925;2016-4-28;Picnic;chocolate;216;79;17064
926;2015-7-10;Popcorn;snacks;842;73;61466
927;2022-11-19;Mars;chocolate;343;90;30870
928;2023-8-14;Chapman_Green;cigarettes;719;230;165370
929;2023-9-23;Picnic;chocolate;353;79;27887
930;2018-6-8;Pizza;ready_made_food;361;270;97470
931;2017-8-10;Wiskey;alcohol;588;2300;1352400
932;2016-5-12;Milk;dairy_products;537;100;53700
933;2019-6-26;Chapman_Brown;cigarettes;797;230;183310
934;2020-5-14;Sour_Cream;dairy_products;758;90;68220
935;2023-1-25;Chechil;dairy_products;627;150;94050
936;2024-7-15;Sour_Cream;dairy_products;809;90;72810
937;2024-1-6;Chapman_Rose;cigarettes;79;230;18170
938;2017-10-25;Pizza;ready_made_food;260;270;70200
939;2020-7-1;Chapman_Rose;cigarettes;412;230;94760
940;2021-7-1;Chapman_Green;cigarettes;272;230;62560
941;2017-8-8;Mars;chocolate;863;90;77670
942;2021-6-6;Chapman_Green;cigarettes;558;230;128340
943;2015-9-9;Pepsi;sugary_drinks;947;90;85230
944;2022-10-26;Parlament;cigarettes;939;180;169020
945;2021-6-3;Mars;chocolate;464;90;41760
946;2017-2-28;Parlament;cigarettes;686;180;123480
947;2018-4-25;Chapman_Rose;cigarettes;737;230;169510
948;2019-10-17;Nachos;snacks;910;150;136500
949;2021-1-24;Bacon;meat;147;190;27930
950;2015-6-22;Apple_Juice;sugary_drinks;662;120;79440
951;2021-2-1;Apple_Juice;sugary_drinks;580;120;69600
952;2019-6-17;Chapman_Rose;cigarettes;442;230;101660
953;2018-4-4;Apple;fruits;607;90;54630
954;2015-10-24;Chechil;dairy_products;632;150;94800
955;2021-5-14;Lays;snacks;179;97;17363
956;2019-6-21;Picnic;chocolate;659;79;52061
957;2018-6-1;Banana;fruits;340;130;44200
958;2018-1-1;Snickers;chocolate;897;90;80730
959;2021-11-9;Nachos;snacks;626;150;93900
960;2021-8-5;Mars;chocolate;639;90;57510
961;2015-8-25;Chapman_Green;cigarettes;875;230;201250
962;2017-6-21;Sour_Cream;dairy_products;176;90;15840
963;2018-7-1;Chapman_Green;cigarettes;870;230;200100
964;2015-3-21;Chechil;dairy_products;979;150;146850
965;2015-11-21;Dove_Chocolate;chocolate;92;30;2760
966;2022-1-6;Snickers;chocolate;485;90;43650
967;2019-8-17;Wiskey;alcohol;495;2300;1138500
968;2021-6-4;Chicken_Fillet;meat;167;230;38410
969;2016-2-24;Milk;dairy_products;219;100;21900
970;2020-2-19;Chechil;dairy_products;273;150;40950
971;2024-12-21;Lays;snacks;296;97;28712
972;2019-4-25;Bacon;meat;441;190;83790
973;2021-5-15;Eggs;meat;627;130;81510
974;2019-5-14;Chapman_Brown;cigarettes;122;230;28060
975;2015-1-7;Pizza;ready_made_food;354;270;95580
976;2022-1-8;Mars;chocolate;419;90;37710
977;2018-12-7;Chapman_Rose;cigarettes;322;230;74060
978;2016-4-11;Chapman_Rose;cigarettes;242;230;55660
979;2016-9-24;Mars;chocolate;511;90;45990
980;2016-9-1;Popcorn;snacks;72;73;5256
981;2015-8-20;Wiskey;alcohol;888;2300;2042400
982;2022-6-6;Nachos;snacks;532;150;79800
983;2018-10-21;Harvest;cigarettes;786;260;204360
984;2016-10-22;Pizza;ready_made_food;161;270;43470
985;2020-11-18;Chechil;dairy_products;708;150;106200
986;2024-5-16;Pepsi;sugary_drinks;387;90;34830
987;2023-8-15;Chapman_Rose;cigarettes;474;230;109020
988;2018-10-21;Apple;fruits;184;90;16560
989;2022-11-26;Wine;alcohol;908;1400;1271200
990;2023-1-8;Mars;chocolate;514;90;46260
991;2016-10-27;Picnic;chocolate;69;79;5451
992;2021-5-16;Sour_Cream;dairy_products;900;90;81000
993;2018-11-9;Dove_Chocolate;chocolate;436;30;13080
994;2015-7-14;Banana;fruits;936;130;121680
995;2021-4-18;Sour_Cream;dairy_products;493;90;44370
996;2017-9-6;Apple;fruits;525;90;47250
997;2022-1-16;Lays;snacks;554;97;53738
998;2016-7-3;Lays;snacks;466;97;45202
999;2017-11-5;Apple_Juice;sugary_drinks;97;120;11640
